<application>
  <component name="MaterialThemeConfig">
    <option name="highlightColorEnabled" value="true" />
    <option name="isCompactMenus" value="true" />
    <option name="isCustomTreeIndentEnabled" value="true" />
    <option name="isWizardShown" value="true" />
    <option name="overrideAccentColor" value="true" />
    <option name="pristineConfig" value="false" />
    <option name="tabFontSizeEnabled" value="true" />
    <option name="tabFontSize" value="16" />
    <option name="rightTreeIndent" value="6" />
    <option name="accentColor" value="84ffff" />
    <option name="selectedTheme" value="DEEPOCEAN" />
    <option name="userId" value="-1d4d7b0e:16a69755de2:-8000" />
    <option name="version" value="3.10.0" />
    <option name="tabHighlightPosition" value="Top" />
  </component>
</application>